Espèces;SLA
Lm;7.74335648148148
Sp;7.16940092165899
Wc;2.56487804878049
Lt;6.9889837398374
