Espèces;Masse individuelle
Lm;1.44
Sp;3.61666666666667
Wc;0.136666666666667
Lt;1.64
