espèces;MI;SF;SLA
Lm;1.39;10.3984;7.48086330935252
Sp;7.43;28.7911;3.8749798115747
Wc;0.01;0.2031;20.31
Lt;1.4;11.0716;7.90828571428572
